date,description,amount,type,category,payment_method,account
2026-01-01,Salary,50000,Income,Salary,Bank Transfer,HDFC
2026-01-02,Rent,12000,Expense,Housing,Bank Transfer,HDFC
2026-01-03,Swiggy,450,Expense,Food,UPI,HDFC
2026-01-04,Amazon,1800,Expense,Shopping,UPI,HDFC
2026-01-05,Uber,320,Expense,Transport,UPI,HDFC
2026-01-06,Electricity Bill,1500,Expense,Utilities,UPI,HDFC
2026-01-07,Netflix,649,Expense,Entertainment,Card,HDFC
2026-01-08,Freelance Payment,8000,Income,Freelance,Bank Transfer,HDFC
2026-01-09,BigBasket,2300,Expense,Groceries,UPI,HDFC
2026-01-10,Pharmacy,750,Expense,Healthcare,UPI,HDFC